nome_area,totale,categoria_over80
Sardegna,2286,1
Calabria,6171,1856
Emilia-Romagna,7694,0
Piemonte,3963,0
Sicilia,5540,0
Lombardia,26054,19170
Puglia,14580,6747
Piemonte,1475,0
Lazio,14058,7249
Puglia,4870,4
Marche,2157,0
Friuli-Venezia Giulia,4041,2190
Campania,7388,4908
Abruzzo,3489,1914
Lazio,5559,3
Emilia-Romagna,13596,11775
Piemonte,11384,5663
Emilia-Romagna,9435,80
Campania,10566,0
Provincia Autonoma Trento,2397,1421
Lazio,5525,0
Liguria,12877,4114
Puglia,2129,0
Emilia-Romagna,8261,0
Toscana,8770,56
Emilia-Romagna,8495,5495
Puglia,1408,2
Toscana,10008,4594
Liguria,2840,0
Toscana,17507,8185
Umbria,2014,1213
Campania,5435,3174
Sicilia,15450,3932
Emilia-Romagna,17544,7778
Piemonte,18984,13134
Puglia,3603,0
Campania,5744,0
Valle d'Aosta / Vallée d'Aoste,332,66
Lombardia,11892,39
Emilia-Romagna,9167,7631
Veneto,4127,983
Campania,13943,3160
Veneto,6901,0
Campania,9079,5540
Calabria,2168,1707
Veneto,7314,12
Veneto,18853,9055
Lombardia,702,1
Calabria,275,0
Sardegna,9588,4653
Abruzzo,118,0
Liguria,2877,0
Marche,2125,0
Liguria,11978,3693
Abruzzo,3920,1651
Puglia,4098,5
Molise,1432,235
Lombardia,2971,9
Marche,1771,0
Valle d'Aosta / Vallée d'Aoste,437,0
Abruzzo,968,0
Lombardia,35047,15563
Calabria,4240,2195
Sardegna,2951,0
Piemonte,13878,7955
Campania,720,0
Puglia,7928,5309
Calabria,4185,1965
Abruzzo,4174,1748
Valle d'Aosta / Vallée d'Aoste,237,2
Puglia,4576,0
Basilicata,30,0
Sardegna,3744,702
Piemonte,12665,7534
Sicilia,10765,4831
Abruzzo,1804,0
Umbria,66,0
Molise,429,0
Piemonte,11852,7643
Veneto,9366,2611
Lombardia,9863,53
Sardegna,4026,0
Molise,573,568
Sicilia,9330,0
Friuli-Venezia Giulia,2068,1584
Molise,594,581
Piemonte,4787,1
Lazio,5467,126
Calabria,5322,1517
Veneto,6629,5022
Calabria,2048,0
Veneto,6022,4947
Friuli-Venezia Giulia,3935,2865
Piemonte,13907,7397
Veneto,10513,1972
Liguria,1548,0
Piemonte,8641,0
Umbria,1260,0
Molise,1245,1089
Puglia,2669,1778
Provincia Autonoma Bolzano / Bozen,508,0
Lombardia,7883,4308
Calabria,2173,0
Piemonte,5528,31
Toscana,5064,0
Lombardia,32254,22034
Emilia-Romagna,2890,0
Molise,1131,1113
Lombardia,8856,4
Sicilia,5433,8
Liguria,3166,0
Emilia-Romagna,2204,0
Toscana,15407,10199
Calabria,2058,0
Abruzzo,187,0
Umbria,301,0
Friuli-Venezia Giulia,305,0
Provincia Autonoma Trento,386,0
Provincia Autonoma Bolzano / Bozen,1502,469
Provincia Autonoma Trento,2225,953
Lazio,4279,124
Umbria,1271,0
Provincia Autonoma Trento,1398,617
Umbria,4029,2912
Lombardia,13965,3437
Provincia Autonoma Bolzano / Bozen,916,59
Veneto,31084,17269
Veneto,5741,2
Lombardia,713,0
Molise,581,340
Lazio,5768,129
Marche,2840,2799
Friuli-Venezia Giulia,3804,960
Toscana,18094,9132
Umbria,647,0
Campania,7942,1985
Calabria,8067,2764
Puglia,1668,1
Veneto,16510,9293
Provincia Autonoma Trento,698,0
Campania,5214,0
Campania,21767,3984
Liguria,2927,0
Emilia-Romagna,14798,10057
Toscana,4527,0
Toscana,3336,0
Basilicata,612,0
Puglia,16456,5930
Abruzzo,5625,3593
Emilia-Romagna,17567,6281
Lombardia,31279,12882
Campania,957,0
Sardegna,1519,6
Campania,14255,6614
Friuli-Venezia Giulia,5659,2046
Toscana,10064,1801
Campania,10661,3896
Emilia-Romagna,10043,0
Calabria,1735,502
Puglia,4537,0
Provincia Autonoma Bolzano / Bozen,1473,68
Friuli-Venezia Giulia,2092,0
Veneto,8363,7
Lombardia,39692,23409
Puglia,4910,1621
Abruzzo,5795,4398
Sardegna,3111,0
Calabria,2821,863
Provincia Autonoma Trento,33,0
Sardegna,65,0
Friuli-Venezia Giulia,3411,1815
Lazio,16605,8110
Sardegna,573,0
Basilicata,2141,1264
Sardegna,4030,2879
Abruzzo,1796,217
Liguria,125,0
Lombardia,14041,4540
Lazio,4039,0
Basilicata,1803,1686
Puglia,9331,5506
Piemonte,6421,0
Umbria,103,0
Calabria,3773,2081
Campania,7652,0
Lombardia,19783,93
Liguria,9090,3879
Campania,8087,6869
Toscana,2861,0
Toscana,7606,2
Lazio,19880,9056
Campania,21132,4491
Piemonte,18294,11667
Sardegna,2160,104
Emilia-Romagna,18604,9922
Calabria,1457,0
Provincia Autonoma Trento,802,1
Liguria,5115,1331
Provincia Autonoma Bolzano / Bozen,831,799
Molise,828,758
Lazio,19205,9583
Toscana,3949,0
Molise,319,0
Friuli-Venezia Giulia,2094,0
Basilicata,1901,1658
Valle d'Aosta / Vallée d'Aoste,316,103
Lazio,7954,134
Veneto,1078,0
Marche,892,0
Lombardia,33019,11591
Calabria,8820,2511
Lazio,18420,6205
Lazio,6649,126
Basilicata,2148,1954
Toscana,4842,9
Friuli-Venezia Giulia,567,0
Piemonte,11711,6602
Toscana,15225,11325
Basilicata,1020,0
Provincia Autonoma Trento,1352,0
Puglia,9067,6390
Sicilia,1057,0
Abruzzo,2135,1919
Emilia-Romagna,20407,5865
Puglia,6192,1
Sardegna,83,0
Provincia Autonoma Trento,2273,1638
Toscana,16535,7807
Friuli-Venezia Giulia,2356,0
Molise,270,0
Molise,268,0
Provincia Autonoma Trento,536,158
Toscana,3349,1
Emilia-Romagna,8759,4029
Liguria,2246,0
Marche,4511,3475
Calabria,1847,0
Piemonte,5940,0
Toscana,23185,15205
Sardegna,2638,12
Provincia Autonoma Trento,2429,971
Marche,7443,4256
Sardegna,1586,1421
Piemonte,6183,0
Toscana,2535,0
Friuli-Venezia Giulia,1200,2
Abruzzo,5127,1019
Sardegna,2121,1
Abruzzo,37,0
Puglia,3252,1
Provincia Autonoma Trento,190,0
Toscana,6114,472
Abruzzo,6655,3255
Basilicata,1740,590
Sicilia,207,0
Liguria,691,0
Sicilia,5905,0
Sicilia,21123,5856
Puglia,7880,5303
Provincia Autonoma Bolzano / Bozen,91,0
Marche,2105,0
Basilicata,530,406
Veneto,4744,4
Valle d'Aosta / Vallée d'Aoste,64,26
Veneto,14565,8919
Provincia Autonoma Trento,1666,0
Calabria,1916,0
Campania,10456,0
Molise,169,0
Provincia Autonoma Trento,663,563
Provincia Autonoma Bolzano / Bozen,387,0
Valle d'Aosta / Vallée d'Aoste,213,46
Molise,613,0
Abruzzo,4951,1519
Sardegna,368,0
Calabria,958,0
Piemonte,5385,0
Calabria,2543,802
Veneto,5175,19
Provincia Autonoma Bolzano / Bozen,1564,154
Puglia,12457,7877
Abruzzo,4629,1587
Molise,832,116
Lombardia,27286,194
Emilia-Romagna,8326,0
Liguria,2652,0
Umbria,1503,1249
Calabria,2147,0
Puglia,10009,6359
Sardegna,1406,0
Campania,10052,0
Umbria,843,0
Abruzzo,5262,2582
Emilia-Romagna,12035,10687
Lombardia,29495,11312
Toscana,10559,1847
Provincia Autonoma Trento,1582,58
Marche,7593,4590
Emilia-Romagna,1827,0
Molise,359,0
Sardegna,700,0
Provincia Autonoma Bolzano / Bozen,910,0
Provincia Autonoma Bolzano / Bozen,529,512
Marche,1500,0
Marche,896,0
Umbria,3985,2564
Sicilia,10169,5677
Basilicata,1045,803
Provincia Autonoma Trento,1010,552
Basilicata,1849,689
Umbria,4260,1121
Valle d'Aosta / Vallée d'Aoste,291,160
Friuli-Venezia Giulia,1962,0
Umbria,1307,1262
Valle d'Aosta / Vallée d'Aoste,337,0
Calabria,6480,3562
Provincia Autonoma Trento,867,77
Veneto,9001,3
Abruzzo,3896,3297
Basilicata,640,0
Marche,225,0
Liguria,1660,64
Liguria,648,0
Veneto,11965,3372
Puglia,3722,4
Marche,6832,3227
Calabria,1843,653
Veneto,37743,18373
Calabria,656,0
Friuli-Venezia Giulia,1272,0
Valle d'Aosta / Vallée d'Aoste,294,53
Abruzzo,845,0
Toscana,3254,0
Marche,5877,4248
Liguria,2665,0
Sardegna,6005,2981
Piemonte,9451,1
Abruzzo,4545,3875
Lazio,7777,3916
Veneto,16409,8543
Campania,9556,4455
Toscana,4641,17
Piemonte,14723,7977
Abruzzo,1707,79
Provincia Autonoma Bolzano / Bozen,1682,367
Basilicata,1650,877
Molise,474,0
Basilicata,793,0
Marche,6657,4307
Puglia,17012,5231
Lombardia,12599,5
Puglia,5526,3
Sicilia,21032,5825
Toscana,1104,0
Valle d'Aosta / Vallée d'Aoste,205,14
Sardegna,4367,1012
Piemonte,3829,30
Abruzzo,264,0
Umbria,282,152
Campania,919,0
Campania,19454,7621
Sicilia,4112,0
Sardegna,60,0
Abruzzo,908,0
Basilicata,1450,410
Provincia Autonoma Trento,351,0
Friuli-Venezia Giulia,3422,1523
Toscana,5505,0
Molise,539,0
Abruzzo,1681,0
Lazio,12636,5149
Sardegna,5149,2271
Lombardia,12211,75
Lombardia,41304,26667
Puglia,11673,7633
Piemonte,17668,11479
Emilia-Romagna,4786,10
Marche,557,0
Lazio,7605,125
Friuli-Venezia Giulia,1217,0
Puglia,4063,0
Molise,1438,698
Liguria,2761,1030
Basilicata,547,90
Piemonte,4151,1
Piemonte,6162,0
Abruzzo,157,0
Veneto,5986,3
Veneto,11971,4565
Valle d'Aosta / Vallée d'Aoste,443,0
Liguria,6000,3363
Abruzzo,2417,877
Provincia Autonoma Bolzano / Bozen,3192,1088
Marche,377,0
Umbria,396,0
Liguria,11309,3611
Piemonte,3061,0
Sicilia,8825,4281
Umbria,660,154
Lombardia,24,0
Lazio,20681,6392
Veneto,19511,9335
Veneto,8359,0
Piemonte,5562,0
Valle d'Aosta / Vallée d'Aoste,386,251
Umbria,809,0
Calabria,2341,0
Liguria,1278,0
Valle d'Aosta / Vallée d'Aoste,292,105
Provincia Autonoma Trento,1108,751
Liguria,642,221
Valle d'Aosta / Vallée d'Aoste,18,0
Sardegna,2797,203
Lazio,4391,286
Campania,14245,6592
Provincia Autonoma Bolzano / Bozen,2626,1544
Marche,453,0
Basilicata,1286,943
Molise,1630,707
Basilicata,1395,343
Marche,5895,4240
Toscana,6344,65
Emilia-Romagna,9323,0
Valle d'Aosta / Vallée d'Aoste,361,215
Liguria,144,0
Emilia-Romagna,6414,0
Campania,5112,1378
Piemonte,7754,0
Lombardia,25394,17653
Basilicata,373,0
Valle d'Aosta / Vallée d'Aoste,489,204
Marche,973,0
Veneto,7929,3
Provincia Autonoma Trento,1318,974
Marche,2460,0
Sardegna,1336,0
Veneto,4624,417
Emilia-Romagna,9909,118
Basilicata,1350,383
Sicilia,9279,3396
Sicilia,5079,0
Basilicata,67,1
Lombardia,40967,23148
Abruzzo,2784,1436
Umbria,850,0
Veneto,15126,4141
Provincia Autonoma Trento,1397,1012
Friuli-Venezia Giulia,312,0
Friuli-Venezia Giulia,2613,0
Veneto,12736,3406
Marche,2342,0
Basilicata,791,184
Puglia,12124,834
Sardegna,1959,0
Provincia Autonoma Bolzano / Bozen,2077,919
Lombardia,29140,10800
Puglia,3749,0
Molise,421,0
Basilicata,951,471
Toscana,1649,0
Abruzzo,6119,4235
Piemonte,6761,0
Valle d'Aosta / Vallée d'Aoste,150,0
Marche,8878,1865
Lombardia,8279,36
Campania,4072,0
Emilia-Romagna,5187,186
Puglia,1548,0
Sicilia,4086,0
Sardegna,8326,3581
Sicilia,9173,0
Puglia,2947,0
Puglia,2171,32
Puglia,2510,0
Puglia,4332,0
Valle d'Aosta / Vallée d'Aoste,299,0
Basilicata,217,0
Sicilia,4414,25
Liguria,3803,2727
Calabria,929,0
Provincia Autonoma Bolzano / Bozen,1176,134
Sicilia,4872,0
Umbria,1618,1240
Molise,450,0
Provincia Autonoma Bolzano / Bozen,59,0
Valle d'Aosta / Vallée d'Aoste,142,0
Friuli-Venezia Giulia,751,0
Emilia-Romagna,6544,2564
Sicilia,9362,0
Liguria,10357,3906
Basilicata,703,0
Campania,1095,0
Piemonte,10078,0
Abruzzo,1536,0
Umbria,54,0
Calabria,7352,2362
Liguria,1928,0
Campania,17573,8933
Friuli-Venezia Giulia,1680,0
Toscana,8302,154
Sicilia,15607,5357
Lazio,12894,5171
Lombardia,199,0
Piemonte,16763,12097
Emilia-Romagna,15869,8221
Lazio,8810,4249
Molise,150,0
Calabria,5207,1869
Emilia-Romagna,2445,0
Campania,8833,0
Liguria,2459,0
Basilicata,900,0
Sicilia,1235,0
Provincia Autonoma Trento,926,581
Sardegna,3492,781
Lazio,6494,3774
Calabria,1350,0
Lombardia,35960,15082
Provincia Autonoma Trento,405,0
Molise,114,0
Lombardia,19825,76
Veneto,4013,9
Lazio,7761,122
Lombardia,5578,59
Emilia-Romagna,11664,5310
Puglia,4729,2
Umbria,1734,192
Calabria,7638,2382
Umbria,780,0
Veneto,12530,7600
Liguria,1961,0
Sardegna,5904,2815
Campania,3369,0
Friuli-Venezia Giulia,2322,0
Toscana,4221,1
Provincia Autonoma Bolzano / Bozen,1393,852
Molise,1642,572
Provincia Autonoma Bolzano / Bozen,3965,1968
Provincia Autonoma Bolzano / Bozen,243,3
Marche,5532,2588
Liguria,3537,1516
Abruzzo,777,0
Provincia Autonoma Bolzano / Bozen,2885,1291
Molise,50,0
Piemonte,10185,0
Umbria,725,0
Calabria,3131,1674
Provincia Autonoma Trento,1653,1267
Valle d'Aosta / Vallée d'Aoste,325,5
Provincia Autonoma Bolzano / Bozen,817,579
Provincia Autonoma Trento,421,0
Sardegna,7219,4136
Friuli-Venezia Giulia,3211,1501
Friuli-Venezia Giulia,3254,1589
Liguria,2128,0
Campania,24284,7003
Liguria,3329,2167
Veneto,7353,5348
Liguria,6060,4265
Abruzzo,1221,1210
Piemonte,19144,13831
Umbria,1291,0
Emilia-Romagna,2153,0
Valle d'Aosta / Vallée d'Aoste,33,0
Provincia Autonoma Trento,22,0
Piemonte,6881,0
Veneto,8278,4381
Lombardia,5330,4
Umbria,3539,2018
Sardegna,1897,1
Basilicata,328,0
Sicilia,3618,0
Basilicata,2284,1950
Provincia Autonoma Bolzano / Bozen,2360,1734
Liguria,3439,2585
Sardegna,5751,2567
Calabria,2394,0
Marche,4512,4047
Friuli-Venezia Giulia,1231,0
Basilicata,666,0
Campania,5722,0
Marche,896,0
Valle d'Aosta / Vallée d'Aoste,275,138
Calabria,165,0
Provincia Autonoma Bolzano / Bozen,569,469
Provincia Autonoma Trento,530,0
Valle d'Aosta / Vallée d'Aoste,236,51
Calabria,44,0
Emilia-Romagna,8088,0
Umbria,1093,934
Piemonte,1,0
Valle d'Aosta / Vallée d'Aoste,739,227
Veneto,7058,17
Molise,144,0
Veneto,5231,168
Sardegna,8492,3843
Campania,5826,0
Provincia Autonoma Trento,1390,1072
Puglia,784,0
Veneto,4453,983
Sardegna,90,0
Lombardia,16018,42
Liguria,1140,532
Friuli-Venezia Giulia,2731,0
Basilicata,77,0
Piemonte,5978,0
Valle d'Aosta / Vallée d'Aoste,353,1
Veneto,11330,3285
Friuli-Venezia Giulia,5711,1978
Calabria,6,0
Campania,12899,6279
Piemonte,7982,0
Sardegna,1970,0
Campania,8902,1
Puglia,9582,6413
Provincia Autonoma Trento,870,1
Calabria,8340,2913
Emilia-Romagna,4244,345
Lombardia,24951,309
Liguria,2460,0
Veneto,34124,5212
Lazio,17993,7916
Provincia Autonoma Trento,1639,1376
Friuli-Venezia Giulia,709,0
Umbria,4235,2220
Sicilia,7325,0
Sardegna,2041,1202
Veneto,7006,5400
Marche,487,0
Lombardia,25323,259
Sardegna,958,0
Liguria,3760,2585
Puglia,14316,5222
Umbria,4482,1559
Sicilia,14592,5139
Provincia Autonoma Trento,155,0
Emilia-Romagna,10243,4535
Calabria,860,0
Veneto,4970,12
Abruzzo,1253,0
Umbria,4210,846
Molise,1996,480
Lombardia,42758,19722
Calabria,400,0
Valle d'Aosta / Vallée d'Aoste,18,0
Abruzzo,6422,3378
Abruzzo,2523,461
Marche,2516,1536
Basilicata,707,0
Provincia Autonoma Bolzano / Bozen,1754,958
Toscana,3049,1
Valle d'Aosta / Vallée d'Aoste,390,0
Lombardia,39950,20097
Calabria,6999,2157
Toscana,25929,23630
Marche,6288,2378
Provincia Autonoma Bolzano / Bozen,730,7
Provincia Autonoma Trento,290,0
Lombardia,42021,20886
Provincia Autonoma Trento,502,0
Toscana,5104,2
Calabria,2463,0
Piemonte,11137,6388
Abruzzo,5059,2741
Piemonte,11961,7333
Piemonte,9761,0
Lazio,21861,8904
Calabria,1137,66
Basilicata,969,0
Provincia Autonoma Bolzano / Bozen,526,5
Lombardia,1199,1
Valle d'Aosta / Vallée d'Aoste,181,116
Veneto,4606,0
Valle d'Aosta / Vallée d'Aoste,290,2
Marche,383,0
Sicilia,1295,0
Marche,738,0
Lombardia,11697,4310
Calabria,1230,0
Provincia Autonoma Trento,2527,1446
Toscana,4519,0
Veneto,12796,4835
Calabria,7953,3798
Liguria,80,0
Puglia,5628,0
Umbria,1221,0
Marche,1574,0
Lazio,7595,90
Campania,14649,5562
Piemonte,19280,13391
Abruzzo,530,0
Umbria,3505,1707
Marche,2016,0
Lazio,6658,3627
Lazio,10224,4577
Lombardia,26104,189
Piemonte,8463,3889
Sicilia,235,0
Calabria,2232,0
Puglia,9288,6741
Calabria,5608,1921
Toscana,9208,20
Provincia Autonoma Bolzano / Bozen,951,27
Valle d'Aosta / Vallée d'Aoste,151,53
Toscana,2806,0
Sicilia,12942,3888
Lazio,3554,0
Sicilia,16811,5543
Lazio,27576,9574
Toscana,2370,2
Liguria,755,0
Sardegna,591,0
Molise,1376,409
Puglia,14103,5111
Friuli-Venezia Giulia,816,0
Molise,598,0
Emilia-Romagna,1321,0
Friuli-Venezia Giulia,2537,143
Liguria,9477,3673
Marche,1064,0
Piemonte,16982,11932
Friuli-Venezia Giulia,7005,1933
Basilicata,882,328
Calabria,2763,0
Toscana,3271,0
Veneto,1527,0
Liguria,1079,254
Marche,125,0
Provincia Autonoma Trento,2847,1544
Sardegna,2749,1758
Calabria,2028,0
Provincia Autonoma Bolzano / Bozen,1703,40
Marche,3727,2790
Piemonte,4254,0
Provincia Autonoma Trento,2279,1570
Basilicata,463,0
Sardegna,5492,2485
Lazio,9676,4956
Abruzzo,5685,3781
Emilia-Romagna,7465,6730
Umbria,838,0
Sicilia,13506,3840
Molise,1156,854
Friuli-Venezia Giulia,2271,0
Provincia Autonoma Bolzano / Bozen,318,1
Sicilia,14993,5008
Lazio,9698,5060
Friuli-Venezia Giulia,2646,1
Liguria,3758,2525
Provincia Autonoma Bolzano / Bozen,1365,0
Basilicata,1237,76
Valle d'Aosta / Vallée d'Aoste,220,0
Emilia-Romagna,10292,0
Molise,336,0
Valle d'Aosta / Vallée d'Aoste,255,134
Toscana,4251,5
Molise,1219,618
Puglia,4551,0
Toscana,20108,10886
Valle d'Aosta / Vallée d'Aoste,65,0
Marche,6758,3133
Provincia Autonoma Bolzano / Bozen,1194,922
Piemonte,13021,8544
Liguria,2315,1855
Calabria,6656,3765
Toscana,21447,5020
Marche,3374,2848
Provincia Autonoma Trento,907,164
Friuli-Venezia Giulia,2941,0
Marche,2181,0
Friuli-Venezia Giulia,2651,0
Calabria,1109,0
Puglia,12831,7801
Liguria,2623,1115
Liguria,3302,1537
Liguria,2717,0
Marche,3274,2794
Lombardia,12313,8
Marche,7369,4538
Liguria,1913,430
Provincia Autonoma Bolzano / Bozen,84,0
Umbria,115,1
Provincia Autonoma Trento,728,0
Sicilia,7838,0
Abruzzo,4253,1468
Sicilia,5250,0
Sicilia,15202,4502
Piemonte,3517,0
Lombardia,41693,23983
Liguria,5756,3627
Lombardia,7692,7
Friuli-Venezia Giulia,2467,0
Veneto,7140,0
Calabria,2689,971
Valle d'Aosta / Vallée d'Aoste,868,191
Lombardia,11658,4029
Sardegna,1482,0
Campania,21235,7098
Sardegna,210,0
Piemonte,17022,8963
Sardegna,6076,2294
Lazio,5536,3446
Veneto,7328,0
Piemonte,6329,0
Campania,12744,3500
Veneto,1038,0
Friuli-Venezia Giulia,3491,1565
Toscana,3001,0
Lombardia,9116,54
Valle d'Aosta / Vallée d'Aoste,529,148
Abruzzo,1625,446
Abruzzo,5303,3327
Campania,11585,10005
Liguria,3919,2056
Umbria,814,0
Provincia Autonoma Trento,594,0
Valle d'Aosta / Vallée d'Aoste,302,0
Umbria,1056,0
Liguria,11239,4196
Sardegna,1327,0
Marche,1988,0
Toscana,1331,0
Sicilia,5204,0
Basilicata,1872,842
Lombardia,34910,26109
Sicilia,15212,3928
Sicilia,15947,4002
Calabria,1682,299
Abruzzo,2644,1094
Provincia Autonoma Bolzano / Bozen,1831,426
Veneto,6403,152
Lazio,5232,84
Valle d'Aosta / Vallée d'Aoste,176,118
Provincia Autonoma Trento,1110,708
Friuli-Venezia Giulia,3712,2315
Emilia-Romagna,9269,85
Provincia Autonoma Bolzano / Bozen,1200,720
Campania,12122,3065
Campania,7943,1
Umbria,3936,3065
Piemonte,12506,9096
Umbria,613,0
Provincia Autonoma Trento,2378,1000
Emilia-Romagna,5591,0
Lombardia,15342,152
Liguria,7245,2433
Provincia Autonoma Trento,2308,1428
Liguria,4073,3080
Emilia-Romagna,17977,9836
Piemonte,8197,5809
Calabria,8819,4820
Basilicata,1160,802
Liguria,3498,2744
Molise,450,0
Friuli-Venezia Giulia,3732,2447
Valle d'Aosta / Vallée d'Aoste,569,20
Piemonte,10196,0
Valle d'Aosta / Vallée d'Aoste,231,127
Basilicata,437,338
Provincia Autonoma Bolzano / Bozen,2,0
Puglia,506,0
Liguria,11677,4287
Abruzzo,6022,1700
Molise,2320,1855
Liguria,8761,4209
Piemonte,10804,6813
Liguria,1858,508
Abruzzo,1542,0
Campania,15334,4730
Provincia Autonoma Trento,972,324
Veneto,23648,10037
Liguria,8773,3919
Sardegna,32,0
Sardegna,1524,0
Umbria,2633,464
Campania,17618,6718
Friuli-Venezia Giulia,4220,1538
Campania,4128,0
Emilia-Romagna,2347,0
Puglia,1308,0
Campania,19994,7448
Veneto,13709,7876
Toscana,5944,0
Sicilia,7216,0
Valle d'Aosta / Vallée d'Aoste,204,36
Lombardia,14775,5264
Veneto,1932,3
Friuli-Venezia Giulia,2518,1835
Emilia-Romagna,968,0
Lombardia,14386,71
Basilicata,1346,1306
Sardegna,747,0
Basilicata,802,740
Provincia Autonoma Bolzano / Bozen,2115,299
Sicilia,173,0
Umbria,54,0
Valle d'Aosta / Vallée d'Aoste,215,0
Valle d'Aosta / Vallée d'Aoste,256,57
Puglia,13391,8297
Molise,18,0
Piemonte,6914,0
Toscana,16401,5208
Provincia Autonoma Bolzano / Bozen,1552,215
Provincia Autonoma Trento,802,247
Sicilia,12247,3891
Molise,1462,698
Liguria,135,0
Provincia Autonoma Trento,2280,970
Marche,6623,2800
Molise,319,0
Calabria,3636,2094
Friuli-Venezia Giulia,1935,3
Molise,156,0
Campania,22706,5149
Molise,72,0
Abruzzo,6683,3305
Provincia Autonoma Trento,103,0
Liguria,5617,3567
Sardegna,4236,2448
Marche,3414,2596
Umbria,267,0
Friuli-Venezia Giulia,3641,1330
Molise,66,0
Provincia Autonoma Bolzano / Bozen,2336,61
Marche,3577,2928
Campania,12745,3232
Emilia-Romagna,22610,10894
Sardegna,65,0
Calabria,926,0
Friuli-Venezia Giulia,262,0
Umbria,671,1
Lombardia,21261,7505
Emilia-Romagna,2032,0
Campania,3838,0
Emilia-Romagna,3126,0
Abruzzo,927,0
Sicilia,4338,0
Umbria,276,0
Lombardia,31859,18031
Marche,3824,2008
Provincia Autonoma Bolzano / Bozen,684,0
Friuli-Venezia Giulia,1154,0
Umbria,3666,2855
Basilicata,151,18
Puglia,4263,1
Veneto,880,0
Lazio,6704,0
Lazio,20820,8964
Puglia,10352,6049
Basilicata,1622,962
Basilicata,1884,1150
Veneto,21444,8455
Marche,5183,3007
Emilia-Romagna,2730,0
Puglia,12718,7806
Toscana,6282,1
Provincia Autonoma Bolzano / Bozen,617,257
Lombardia,7051,0
Molise,666,274
Piemonte,7445,0
Provincia Autonoma Bolzano / Bozen,2040,247
Basilicata,284,254
Basilicata,1787,1705
Molise,330,0
Provincia Autonoma Bolzano / Bozen,830,0
Valle d'Aosta / Vallée d'Aoste,48,0
Lazio,22674,9425
Sardegna,1116,0
Veneto,27384,5531
Toscana,5243,0
Valle d'Aosta / Vallée d'Aoste,139,0
Lazio,6883,125
Valle d'Aosta / Vallée d'Aoste,263,131
Puglia,5897,0
Lombardia,10516,11
Molise,557,0
Abruzzo,3086,1508
Lombardia,26803,9885
Provincia Autonoma Trento,251,0
Provincia Autonoma Bolzano / Bozen,144,1
Friuli-Venezia Giulia,3345,2381
Toscana,3581,0
Veneto,8624,5589
Puglia,4514,0
Emilia-Romagna,9321,0
Sicilia,4371,0
Lazio,17321,6665
Valle d'Aosta / Vallée d'Aoste,351,1
Campania,5509,3616
Calabria,3079,1147
Lazio,5391,0
Veneto,31270,10250
Friuli-Venezia Giulia,2352,1555
Basilicata,1790,1577
Sicilia,15396,5722
Sicilia,8039,4066
Lazio,5353,470
Piemonte,5086,3352
Toscana,4095,0
Toscana,4622,0
Valle d'Aosta / Vallée d'Aoste,147,0
Abruzzo,948,0
Sardegna,904,0
Basilicata,557,0
Friuli-Venezia Giulia,2516,1760
Emilia-Romagna,17165,8810
Lombardia,7020,14
Lombardia,13663,102
Calabria,371,0
Lombardia,8028,1
Umbria,1577,1
Sicilia,16487,5351
Umbria,3859,3251
Provincia Autonoma Bolzano / Bozen,758,557
Abruzzo,4782,1417
Friuli-Venezia Giulia,3137,2202
Valle d'Aosta / Vallée d'Aoste,403,0
Calabria,8237,3179
Puglia,4367,5
Emilia-Romagna,13623,10863
Friuli-Venezia Giulia,1848,0
Sardegna,7200,2651
Liguria,1743,0
Lombardia,33069,12055
Liguria,4721,2921
Provincia Autonoma Bolzano / Bozen,498,0
Emilia-Romagna,10208,0
Provincia Autonoma Trento,318,0
Umbria,254,0
Lombardia,15236,73
Provincia Autonoma Trento,1205,782
Emilia-Romagna,8196,7357
Abruzzo,1139,0
Puglia,9109,4930
Lazio,6245,155
Veneto,4312,6
Liguria,5804,3457
Veneto,6466,1
Valle d'Aosta / Vallée d'Aoste,550,181
Valle d'Aosta / Vallée d'Aoste,275,0
Molise,758,0
Piemonte,5207,0
Sicilia,6471,0
Marche,6366,3102
Molise,570,38
Veneto,13167,3085
Liguria,1658,577
Molise,667,136
Lazio,5247,125
Lombardia,6404,17
Provincia Autonoma Trento,2187,997
Molise,1172,95
Sicilia,8328,0
Friuli-Venezia Giulia,5225,2056
Basilicata,1797,1103
Veneto,7237,247
Veneto,5863,9
Sardegna,90,0
Molise,2131,799
Basilicata,2680,1780
Provincia Autonoma Trento,754,8
Sardegna,3862,1
Friuli-Venezia Giulia,2454,1034
Marche,1991,0
Lazio,5772,3
Molise,252,2
Campania,3985,0
Umbria,85,0
Provincia Autonoma Trento,242,0
Umbria,4067,3505
Marche,2006,0
Provincia Autonoma Trento,1119,47
Campania,3673,0
Abruzzo,1895,1488
Umbria,3793,2852
Campania,1257,0
Emilia-Romagna,15825,9184
Sardegna,126,0
Campania,13839,4495
Marche,4716,1904
Calabria,2109,0
Piemonte,10040,0
Provincia Autonoma Bolzano / Bozen,12,0
Piemonte,10368,6846
Campania,11639,2882
Lazio,6799,4518
Sicilia,12979,4303
Lazio,27467,8549
Calabria,1805,0
Liguria,233,60
Sicilia,10999,4445
Provincia Autonoma Trento,745,501
Friuli-Venezia Giulia,2518,0
Valle d'Aosta / Vallée d'Aoste,481,343
Piemonte,15073,10357
Toscana,6136,0
Campania,7737,0
Molise,293,0
Liguria,2482,0
Molise,661,135
Basilicata,2347,1934
Valle d'Aosta / Vallée d'Aoste,399,120
Marche,6345,3928
Provincia Autonoma Bolzano / Bozen,4,1
Calabria,6,0
Toscana,16313,6938
Marche,1365,0
Sicilia,4542,0
Provincia Autonoma Bolzano / Bozen,768,625
Friuli-Venezia Giulia,2932,2057
Emilia-Romagna,10221,0
Sicilia,878,0
Veneto,13464,7160
Basilicata,365,0
Lazio,272,0
Puglia,3291,1822
Provincia Autonoma Trento,2399,1042
Puglia,12388,8055
Molise,1189,981
Toscana,3231,8
Lazio,7727,4218
Campania,8066,0
Umbria,610,0
Sardegna,1119,0
Sicilia,10527,0
Puglia,14361,6482
Molise,2559,1004
Emilia-Romagna,15703,6800
Lazio,23827,7669
Piemonte,10628,5715
Friuli-Venezia Giulia,3327,2014
Lombardia,16933,32
Sardegna,1470,1
Campania,21671,5648
Marche,5732,2400
Valle d'Aosta / Vallée d'Aoste,673,54
Molise,674,0
Basilicata,799,199
Basilicata,1540,951
Emilia-Romagna,20782,9530
Provincia Autonoma Bolzano / Bozen,1055,347
Basilicata,2307,1728
Liguria,1888,1204
Provincia Autonoma Bolzano / Bozen,1635,586
Lazio,17051,8335
Abruzzo,3964,1857
Emilia-Romagna,5273,4474
Valle d'Aosta / Vallée d'Aoste,349,180
Piemonte,10975,7518
Sardegna,3949,1094
Puglia,2347,0
Piemonte,14472,7523
Emilia-Romagna,2891,289
Veneto,4750,0
Umbria,842,0
Basilicata,834,0
Campania,8019,0
Lazio,17109,8056
Liguria,552,525
Friuli-Venezia Giulia,2236,0
Provincia Autonoma Bolzano / Bozen,1496,2
Abruzzo,2844,1191
Basilicata,902,0
Calabria,1395,0
Puglia,11337,6822
Marche,3435,2822
Calabria,6877,2380
Lazio,16649,7988
Umbria,2823,1459
Lazio,8044,4195
Provincia Autonoma Trento,7,0
Provincia Autonoma Bolzano / Bozen,1299,1025
Molise,563,406
Provincia Autonoma Trento,2366,1007
Toscana,327,0
Lazio,5119,0
Molise,1329,409
Sardegna,30,0
Sardegna,1630,2
Valle d'Aosta / Vallée d'Aoste,292,145
Molise,2685,1879
Toscana,7167,2
Abruzzo,1551,0
Veneto,31687,12498
Puglia,1,0
Valle d'Aosta / Vallée d'Aoste,458,8
Campania,3837,0
Piemonte,15411,11474
Sicilia,90,0
Calabria,4557,1856
Lazio,10904,5171
Provincia Autonoma Bolzano / Bozen,1519,429
Piemonte,12943,9223
Molise,132,0
Liguria,1813,0
Veneto,4386,3294
Basilicata,1172,638
Lazio,25580,8916
Toscana,4488,4
Lombardia,22617,11257
Calabria,4707,1994
Puglia,5360,1
Sicilia,7284,3749
Toscana,4866,2069
Piemonte,3540,0
Puglia,10658,7066
Emilia-Romagna,21231,9298
Lazio,8393,4005
Friuli-Venezia Giulia,2028,0
Lombardia,26510,228
Sicilia,13843,4064
Umbria,784,0
Molise,1381,655
Lombardia,47232,34553
Toscana,11263,9558
Marche,1791,1
Lazio,5291,0
Emilia-Romagna,14534,7570
Lombardia,1114,0
Veneto,25574,10172
Provincia Autonoma Trento,542,0
Marche,3635,2519
Puglia,1578,0
Provincia Autonoma Bolzano / Bozen,72,5
Toscana,8993,0
Sicilia,1330,0
Provincia Autonoma Trento,2807,1292
Puglia,5098,5
Liguria,3042,0
Piemonte,3150,0
Friuli-Venezia Giulia,1882,0
Molise,6,0
Calabria,1997,552
Valle d'Aosta / Vallée d'Aoste,142,0
Emilia-Romagna,3948,256
Valle d'Aosta / Vallée d'Aoste,201,0
Lazio,7726,0
Veneto,17144,4815
Lombardia,36698,26804
Emilia-Romagna,8317,0
Campania,11911,4019
Lombardia,27000,10318
Abruzzo,1798,0
Provincia Autonoma Bolzano / Bozen,2,0
Veneto,6418,970
Toscana,5393,0
Toscana,7096,30
Calabria,2793,0
Lombardia,5004,2227
Lombardia,113,0
Lazio,6274,3658
Lombardia,20096,11103
Toscana,9869,7667
Friuli-Venezia Giulia,2588,0
Toscana,7784,0
Campania,6279,2363
Lazio,14167,9339
Liguria,3095,1414
Abruzzo,7685,2340
Provincia Autonoma Bolzano / Bozen,1404,0
Abruzzo,4399,2578
Emilia-Romagna,11714,4358
Provincia Autonoma Trento,2351,1725
Marche,1292,0
Emilia-Romagna,15829,9252
Sicilia,4433,0
Toscana,10592,3212
Provincia Autonoma Bolzano / Bozen,301,70
Basilicata,2024,1530
Valle d'Aosta / Vallée d'Aoste,183,65
Emilia-Romagna,22599,10262
Marche,5660,4182
Toscana,15256,71
Provincia Autonoma Trento,547,0
Sardegna,2683,323
Provincia Autonoma Trento,129,0
Valle d'Aosta / Vallée d'Aoste,316,0
Basilicata,77,0
Lazio,11421,5248
Provincia Autonoma Trento,577,0
Lazio,11995,5197
Sicilia,17872,5524
Toscana,30840,18784
Toscana,14790,4643
Toscana,8817,214
Sardegna,1492,0
Umbria,1520,292
Liguria,2979,0
Provincia Autonoma Bolzano / Bozen,1739,9
Abruzzo,5937,2992
Puglia,10062,3856
Piemonte,7350,0
Provincia Autonoma Bolzano / Bozen,1905,305
Veneto,2314,2
Lazio,21319,9123
Sicilia,7180,3291
Puglia,10197,7598
Lazio,13470,9458
Lazio,1630,0
Toscana,8311,36
Calabria,2910,0
Molise,1737,757
Veneto,6725,1
Friuli-Venezia Giulia,2958,1636
Provincia Autonoma Bolzano / Bozen,2,1
Marche,1971,1
Provincia Autonoma Trento,2058,1257
Sicilia,13813,3899
Marche,2104,1
Lombardia,26673,22833
Provincia Autonoma Trento,1300,924
Lazio,4566,811
Marche,7418,3729
Sicilia,2776,0
Puglia,5465,0
Valle d'Aosta / Vallée d'Aoste,230,126
Basilicata,1716,910
Sicilia,6979,2486
Basilicata,1899,1671
Puglia,13607,5125
Lombardia,16035,43
Sardegna,2410,3
Marche,1928,0
Piemonte,4428,1
Liguria,4548,2978
Umbria,221,0
Abruzzo,4852,3353
Toscana,3878,0
Marche,2010,0
Valle d'Aosta / Vallée d'Aoste,6,0
Puglia,4503,0
Friuli-Venezia Giulia,2413,0
Emilia-Romagna,12876,9079
Friuli-Venezia Giulia,3475,2464
Emilia-Romagna,20592,9045
Provincia Autonoma Bolzano / Bozen,3276,1280
Calabria,3796,0
Veneto,2763,8
Marche,1439,0
Liguria,1335,0
Provincia Autonoma Bolzano / Bozen,612,12
Sardegna,6750,2196
Sardegna,5154,2704
Sicilia,4150,0
Friuli-Venezia Giulia,7926,2156
Basilicata,557,0
Sardegna,4499,3195
Basilicata,621,246
Calabria,4871,1369
Valle d'Aosta / Vallée d'Aoste,134,101
Veneto,699,0
Provincia Autonoma Trento,1217,820
Calabria,7187,2442
Provincia Autonoma Bolzano / Bozen,988,709
Marche,5783,2675
Sicilia,5332,0
Friuli-Venezia Giulia,5853,2957
Calabria,3391,0
Puglia,16273,4287
Marche,673,0
Molise,1366,1290
Umbria,4102,3122
Puglia,1221,0
Lazio,27537,8375
Lazio,18117,8775
Sardegna,860,0
Umbria,2272,0
Sardegna,7189,3410
Provincia Autonoma Trento,2525,1300
Provincia Autonoma Trento,2121,1187
Piemonte,4196,0
Provincia Autonoma Bolzano / Bozen,1901,1099
Provincia Autonoma Bolzano / Bozen,848,56
Abruzzo,50,0
Puglia,12852,8013
Sardegna,9581,4196
Toscana,1589,0
Sicilia,18156,5457
Calabria,867,0
Valle d'Aosta / Vallée d'Aoste,56,0
Puglia,3037,0
Veneto,8518,245
Campania,12422,5664
Emilia-Romagna,9315,0
Veneto,1308,6
Veneto,18532,8053
Molise,1952,572
Sicilia,12453,4615
Piemonte,3114,0
Basilicata,1794,864
Liguria,2392,714
Valle d'Aosta / Vallée d'Aoste,289,74
Abruzzo,1502,0
Molise,126,0
Umbria,637,0
Lombardia,9727,7
Sicilia,6877,0
Campania,7073,0
Abruzzo,1364,0
Basilicata,491,0
Abruzzo,5170,1320
Emilia-Romagna,7127,6
Provincia Autonoma Trento,831,44
Lazio,488,0
Veneto,3219,0
Calabria,3680,1972
Veneto,19136,5504
Puglia,5031,0
Toscana,8700,1383
Puglia,7244,5175
Umbria,692,0
Lazio,18781,8373
Marche,17,0
Calabria,5389,1540
Provincia Autonoma Trento,1449,0
Molise,1146,255
Friuli-Venezia Giulia,2493,1369
Calabria,1108,0
Marche,4127,3334
Provincia Autonoma Trento,1237,1037
Abruzzo,1401,0
Abruzzo,5429,1539
Emilia-Romagna,11828,6089
Basilicata,411,0
Campania,8565,4582
Toscana,10357,4127
Emilia-Romagna,9062,0
Lazio,4668,813
Sicilia,3951,10
Provincia Autonoma Trento,914,381
Piemonte,6538,0
Calabria,1711,0
Marche,4146,3641
Sardegna,1183,1
Emilia-Romagna,7530,50
Puglia,1844,0
Molise,614,395
Lombardia,12158,28
Puglia,3943,0
Sardegna,588,0
Campania,8506,4545
Lazio,9335,3754
Basilicata,949,0
Sicilia,15800,5587
Provincia Autonoma Trento,772,195
Lazio,6293,0
Lombardia,25464,142
Emilia-Romagna,7671,5478
Valle d'Aosta / Vallée d'Aoste,192,166
Veneto,35524,16869
Toscana,6490,29
Veneto,2291,0
Provincia Autonoma Bolzano / Bozen,1801,770
Sardegna,4963,570
Basilicata,945,0
Molise,593,0
Basilicata,84,0
Calabria,2534,719
Sicilia,14462,5015
Lombardia,853,1
Valle d'Aosta / Vallée d'Aoste,436,337
Friuli-Venezia Giulia,2668,405
Veneto,5159,0
Basilicata,1391,545
Campania,6904,2158
Lombardia,5979,11
Puglia,1635,0
Veneto,5934,1
Piemonte,13636,7329
Sicilia,5160,74
Toscana,8175,218
Friuli-Venezia Giulia,3074,1557
Basilicata,1189,814
Valle d'Aosta / Vallée d'Aoste,251,2
Umbria,1719,0
Sicilia,5496,9
Piemonte,5378,0
Marche,3444,2811
Valle d'Aosta / Vallée d'Aoste,315,177
Veneto,8745,4
Toscana,7721,509
Valle d'Aosta / Vallée d'Aoste,325,0
Valle d'Aosta / Vallée d'Aoste,339,109
Lazio,23604,9461
Marche,1598,0
Umbria,750,0
Abruzzo,447,0
Umbria,4590,689
Friuli-Venezia Giulia,800,382
Puglia,15778,5358
Calabria,1800,345
Calabria,1331,1
Sardegna,2237,1
Molise,905,572
Calabria,1064,0
Toscana,5648,15
Liguria,2275,5
Sicilia,5178,3682
Lombardia,8089,65
Puglia,3837,9
Marche,4965,3318
Lazio,7370,0
Lombardia,3577,3
Lombardia,13918,8250
Umbria,942,0
Calabria,6445,2021
Campania,7340,0
Lazio,16995,9340
Abruzzo,2696,1368
Provincia Autonoma Trento,1624,0
Campania,3924,2463
Provincia Autonoma Bolzano / Bozen,768,566
Piemonte,19816,13285
Provincia Autonoma Trento,641,0
Valle d'Aosta / Vallée d'Aoste,23,17
Provincia Autonoma Bolzano / Bozen,1691,165
Liguria,624,0
Sardegna,4000,853
Marche,5689,2261
Puglia,11582,7109
Lazio,959,0
Umbria,3781,2832
Sardegna,1563,0
Sicilia,1576,0
Puglia,5575,0
Sicilia,15124,4929
Calabria,1461,380
Puglia,15039,6118
Lombardia,15144,8056
Emilia-Romagna,9295,187
Abruzzo,1632,0
Provincia Autonoma Trento,533,322
Basilicata,106,0
Lombardia,27305,21052
Calabria,2154,0
Umbria,4595,2340
Toscana,4063,0
Provincia Autonoma Trento,42,0
Umbria,845,45
Emilia-Romagna,18405,9013
Campania,5341,15
Abruzzo,471,0
Sardegna,60,0
Abruzzo,3639,1963
Umbria,450,0
Umbria,4554,3122
Provincia Autonoma Bolzano / Bozen,3045,1436
Friuli-Venezia Giulia,3759,2424
Veneto,3267,3
Abruzzo,2061,0
Sicilia,4747,0
Valle d'Aosta / Vallée d'Aoste,251,75
Friuli-Venezia Giulia,3166,1451
Valle d'Aosta / Vallée d'Aoste,327,237
Valle d'Aosta / Vallée d'Aoste,22,4
Provincia Autonoma Trento,709,0
Emilia-Romagna,16346,6359
Calabria,4136,1390
Veneto,4117,1
Umbria,1731,152
Sardegna,865,0
Puglia,1808,2
Emilia-Romagna,17261,9465
Marche,4132,2651
Molise,562,0
Basilicata,813,0
Valle d'Aosta / Vallée d'Aoste,206,96
Provincia Autonoma Bolzano / Bozen,1298,920
Calabria,996,0
Abruzzo,6109,2661
Umbria,715,0
Provincia Autonoma Trento,3084,882
Sardegna,1105,0
Emilia-Romagna,21369,8071
Emilia-Romagna,2442,0
Lombardia,41605,20512
Marche,1709,0
Toscana,9268,10
Molise,1589,1184
Toscana,13885,11
Molise,265,8
Campania,8165,0
Marche,1583,0
Lombardia,38692,21624
Lombardia,7204,17
Sicilia,7534,0
Friuli-Venezia Giulia,1053,0
Lazio,11379,4798
Calabria,2289,0
Toscana,4381,3
Toscana,4485,1
Sicilia,14033,5151
Abruzzo,1433,0
Molise,334,0
Friuli-Venezia Giulia,1510,0
Puglia,5798,281
Lazio,17776,8172
Emilia-Romagna,20332,10174
Umbria,588,0
Piemonte,8963,0
Veneto,18039,6741
Liguria,1102,1
Campania,7261,9
Veneto,21965,6708
Friuli-Venezia Giulia,1561,0
Lombardia,8326,22
Campania,7237,0
Abruzzo,111,0
Veneto,21839,10489
Piemonte,22484,12247
Basilicata,652,43
Calabria,2557,0
Sicilia,3107,0
Sicilia,13064,3947
Piemonte,5588,1
Lombardia,103,0
Sicilia,7513,0
Piemonte,8740,0
Toscana,6018,0
Lombardia,11795,4523
Veneto,23274,9931
Campania,10721,0
Sardegna,1314,1
Basilicata,183,0
Basilicata,903,1
Piemonte,10232,0
Lazio,6045,72
Lazio,3663,123
Calabria,3444,1180
Umbria,1368,1351
Friuli-Venezia Giulia,7,0
Sicilia,9601,4028
Lazio,23316,7571
Marche,1596,0
Veneto,4090,3
Marche,1802,0
Friuli-Venezia Giulia,2859,465
Sardegna,1657,1012
Lazio,18506,8485
Calabria,3448,1093
Marche,3869,2837
Provincia Autonoma Bolzano / Bozen,114,3
Sardegna,8786,2894
Piemonte,12199,6320
Basilicata,1783,905
Puglia,5885,1484
Friuli-Venezia Giulia,630,0
Sardegna,2763,321
Emilia-Romagna,3603,186
Puglia,11306,6343
Molise,78,0
Toscana,31877,22414
Molise,1180,726
Sicilia,18906,5475
Valle d'Aosta / Vallée d'Aoste,430,240
Provincia Autonoma Trento,573,388
Provincia Autonoma Bolzano / Bozen,1769,1019
Liguria,1334,589
Valle d'Aosta / Vallée d'Aoste,216,0
Piemonte,4784,0
Marche,1193,0
Piemonte,730,0
Provincia Autonoma Bolzano / Bozen,197,0
Abruzzo,1830,0
Lazio,7478,0
Emilia-Romagna,11893,4274
Campania,4643,1338
Campania,2929,290
Provincia Autonoma Bolzano / Bozen,2457,882
Emilia-Romagna,7699,0
Valle d'Aosta / Vallée d'Aoste,768,196
Provincia Autonoma Bolzano / Bozen,487,1
Friuli-Venezia Giulia,1352,0
Basilicata,242,0
Marche,1562,0
Veneto,9206,5
Marche,2120,0
Liguria,1899,0
Emilia-Romagna,18040,7978
Lombardia,32171,18189
Sardegna,6540,3322
Umbria,3374,2248
Calabria,608,331
Campania,1490,0
Toscana,32892,17140
Sicilia,8373,0
Emilia-Romagna,10381,0
Molise,1806,832
Provincia Autonoma Bolzano / Bozen,1752,452
Umbria,277,0
Liguria,7365,3822
Marche,7576,2922
Toscana,5094,0
Sicilia,10161,3981
Campania,13895,6510
Campania,5469,3395
Basilicata,607,0
Provincia Autonoma Bolzano / Bozen,2042,62
Friuli-Venezia Giulia,2715,0
Friuli-Venezia Giulia,3739,1686
Marche,833,0
Sardegna,2968,0
Friuli-Venezia Giulia,3207,2244
Valle d'Aosta / Vallée d'Aoste,218,6
Lazio,5669,7
Liguria,5514,4254
Abruzzo,5073,2401
Lazio,7742,0
Provincia Autonoma Bolzano / Bozen,2328,1985
Piemonte,10749,7992
Friuli-Venezia Giulia,1973,0
Sardegna,2183,0
Friuli-Venezia Giulia,4977,1989
Friuli-Venezia Giulia,3362,1973
Sicilia,14704,4295
Basilicata,2825,2174
Umbria,732,0
Umbria,3638,1302
Provincia Autonoma Bolzano / Bozen,1927,214
Molise,461,0
Sicilia,6078,0
Piemonte,15998,8898
Valle d'Aosta / Vallée d'Aoste,20,0
Veneto,27834,9243
Lazio,23658,9260
Campania,15547,5103
Calabria,1534,118
Umbria,3558,2828
Puglia,3379,4
Abruzzo,1614,0
Molise,850,469
Provincia Autonoma Bolzano / Bozen,317,227
Piemonte,3907,0
Campania,11763,5960
Toscana,10587,3292
Liguria,2814,0
Sardegna,606,251
Provincia Autonoma Trento,84,0
Molise,646,0
Lazio,8795,4762
Toscana,1944,1
Provincia Autonoma Bolzano / Bozen,580,482
Valle d'Aosta / Vallée d'Aoste,512,363
Umbria,1240,0
Basilicata,721,0
Veneto,5020,2
Marche,200,0
Emilia-Romagna,10001,5588
Abruzzo,122,0
Provincia Autonoma Trento,107,0
Provincia Autonoma Trento,75,0
Sicilia,8191,2925
Piemonte,3087,0
Liguria,809,0
Campania,5833,3870
Umbria,3330,1683
Campania,1155,0
Liguria,12434,3979
Abruzzo,5530,2908
Sardegna,8779,3306
Toscana,3497,0
Abruzzo,1201,0
Lazio,19581,7406
Liguria,2259,662
Basilicata,1896,985
Campania,11029,8437
Puglia,3279,997
Provincia Autonoma Bolzano / Bozen,868,0
Marche,3445,2653
Provincia Autonoma Bolzano / Bozen,1133,192
Basilicata,199,0
Piemonte,5529,0
Umbria,3861,2948
Emilia-Romagna,5310,305
Marche,3563,2491
Campania,24335,5363
Piemonte,19971,9548
Liguria,1060,474
Liguria,861,0
Toscana,5125,1
Liguria,12,0
Campania,10411,2237
Lombardia,13437,9
Umbria,1056,0
Lombardia,14633,6320
Friuli-Venezia Giulia,1395,247
Abruzzo,379,0
Valle d'Aosta / Vallée d'Aoste,271,0
Provincia Autonoma Trento,850,480
Valle d'Aosta / Vallée d'Aoste,223,64
Liguria,407,0
Abruzzo,3304,1968
Emilia-Romagna,6532,4048
Campania,2093,0
Provincia Autonoma Bolzano / Bozen,1498,731
Emilia-Romagna,5728,3641
Campania,18952,5040
Lazio,21311,8903
Lazio,5250,0
Emilia-Romagna,7037,5376
Lazio,6288,35
Marche,5818,4588
Piemonte,15252,7665
Sardegna,3257,0
Provincia Autonoma Trento,2716,623
Valle d'Aosta / Vallée d'Aoste,913,385
Provincia Autonoma Trento,504,0
Sicilia,6102,0
Lazio,25574,9387
Lazio,23104,9158
Puglia,11572,7139
Piemonte,9227,4100
Sicilia,9528,0
Umbria,665,0
Sardegna,39,36
Liguria,6203,3681
Marche,1737,0
Lombardia,39689,21195
Marche,7035,4728
Puglia,146,0
Friuli-Venezia Giulia,6802,2401
Veneto,8977,1956
Lombardia,9391,2919
Calabria,5093,1963
Abruzzo,1386,0
Sardegna,1877,1
Emilia-Romagna,24092,12140
Friuli-Venezia Giulia,2259,0
Calabria,5546,1110
Liguria,3970,2210
Piemonte,11726,8862
Piemonte,6876,0
Provincia Autonoma Bolzano / Bozen,1166,345
Provincia Autonoma Trento,213,0
Sicilia,4693,0
Toscana,19381,13220
Umbria,1658,0
Calabria,5824,1769
Umbria,4823,3287
Liguria,988,28
Umbria,4436,1518
Marche,398,0
Friuli-Venezia Giulia,3862,2004
Molise,1419,699
Basilicata,1008,516
Molise,1728,1395
Basilicata,775,190
Valle d'Aosta / Vallée d'Aoste,556,334
Puglia,4204,1
Toscana,9038,3435
Lombardia,9505,8
Lazio,5069,509
Liguria,2614,0
Puglia,15008,4728
Lombardia,12382,6
Provincia Autonoma Trento,1131,736
Umbria,1495,985
Lazio,4361,408
Molise,672,384
Toscana,5748,1
Liguria,7297,3773
Umbria,322,0
Campania,13327,3403
Friuli-Venezia Giulia,4804,425
Liguria,869,267
Valle d'Aosta / Vallée d'Aoste,248,127
Lombardia,11708,32
Abruzzo,1604,0
Molise,420,0
Sardegna,1920,176
Lazio,6910,189
Provincia Autonoma Bolzano / Bozen,1514,101
Toscana,3742,6
Molise,1764,266
Provincia Autonoma Bolzano / Bozen,1969,7
Valle d'Aosta / Vallée d'Aoste,375,276
Calabria,1358,433
Umbria,1693,394
Basilicata,1448,1390
Veneto,5732,3798
Emilia-Romagna,10810,0
Emilia-Romagna,9274,7770
Molise,689,0
Provincia Autonoma Trento,1566,1092
Piemonte,12235,6594
Sicilia,5067,0
Abruzzo,2077,718
Piemonte,6209,0
Campania,12164,9962
Valle d'Aosta / Vallée d'Aoste,131,59
Abruzzo,4733,3650
Umbria,1173,0
Campania,16473,6349
Friuli-Venezia Giulia,3200,2512
Emilia-Romagna,10947,7673
Provincia Autonoma Bolzano / Bozen,1646,4
Toscana,5383,12
Campania,8910,0
Veneto,7724,1314
Puglia,3820,2
Puglia,3693,0
Provincia Autonoma Bolzano / Bozen,910,0
Marche,1871,0
Piemonte,12062,7023
Sardegna,2271,1
Emilia-Romagna,9873,0
Abruzzo,2809,732
Calabria,2497,0
Umbria,4169,2648
Sicilia,1271,0
Molise,370,96
Piemonte,1038,0
Marche,3928,573
Friuli-Venezia Giulia,1720,0
Puglia,13140,5622
Calabria,4362,2126
Sicilia,10620,2794
Piemonte,13977,7431
Provincia Autonoma Trento,1024,434
Emilia-Romagna,7292,5847
Basilicata,905,492
Sardegna,4367,2526
Toscana,9277,180
Sicilia,14956,4471
Liguria,1891,0
Provincia Autonoma Bolzano / Bozen,638,502
Lombardia,23455,9724
Abruzzo,1483,0
Basilicata,1986,1678
Abruzzo,1525,0
Puglia,3961,0
Basilicata,294,0
Piemonte,9232,4220
Veneto,125,0
Sardegna,1495,1
Veneto,12422,7862
Campania,16297,7128
Liguria,1359,0
Provincia Autonoma Bolzano / Bozen,41,1
Sardegna,7984,2727
Campania,15240,8433
Molise,538,0
Provincia Autonoma Trento,406,1
Sicilia,2349,0
Veneto,7908,4937
Piemonte,10515,6792
Liguria,2753,0
Puglia,13756,4898
Molise,314,0
Molise,449,0
Friuli-Venezia Giulia,2599,1332
Molise,429,0
Liguria,1661,0
Provincia Autonoma Trento,1220,0
Abruzzo,2291,610
Umbria,1335,305
Marche,1973,0
Sardegna,539,3
Emilia-Romagna,12458,6865
Veneto,29336,10344
Sardegna,2030,144
Sicilia,20472,5524
Puglia,2961,8
Abruzzo,3301,1111
Provincia Autonoma Trento,2457,1093
Lazio,26352,9456
Puglia,5712,0
Veneto,9398,3
Friuli-Venezia Giulia,1583,0
Molise,731,0
Basilicata,540,169
Provincia Autonoma Bolzano / Bozen,810,0
Piemonte,912,0
Basilicata,1135,884
Provincia Autonoma Bolzano / Bozen,2781,598
Basilicata,1092,0
Piemonte,3864,0
Provincia Autonoma Trento,1270,0
Abruzzo,1603,0
Valle d'Aosta / Vallée d'Aoste,264,170
Friuli-Venezia Giulia,895,0
Campania,9979,2933
Campania,14536,4863
Molise,541,433
Campania,10988,3755
Sardegna,1615,0
Lombardia,7532,5836
Sardegna,2899,161
Lazio,25561,9196
Umbria,743,433
Liguria,734,0
Lazio,5839,453
Friuli-Venezia Giulia,2615,1943
Valle d'Aosta / Vallée d'Aoste,319,9
Toscana,1119,0
Lombardia,18212,10484
Friuli-Venezia Giulia,3739,1739
Toscana,9817,22
Marche,1908,0
Emilia-Romagna,1400,19
Provincia Autonoma Trento,817,0
Marche,7415,1244
Toscana,4263,0
Provincia Autonoma Bolzano / Bozen,1630,905
Provincia Autonoma Bolzano / Bozen,2820,1945
Basilicata,1070,576
Veneto,7294,4366
Umbria,19,19
Umbria,4562,2480
Campania,6529,3058
Campania,1523,0
Emilia-Romagna,6815,4222
Puglia,9615,6801
Molise,173,0
Veneto,8130,1
Emilia-Romagna,22849,9046
Valle d'Aosta / Vallée d'Aoste,290,0
Calabria,5785,1883
Abruzzo,1509,0
Provincia Autonoma Trento,846,393
Sardegna,7012,2975
Puglia,2006,0
Valle d'Aosta / Vallée d'Aoste,294,1
Provincia Autonoma Bolzano / Bozen,1709,96
Veneto,4063,1
Friuli-Venezia Giulia,5177,2472
Basilicata,2896,2192
Campania,17017,5340
Basilicata,983,0
Puglia,11883,5781
Liguria,5273,3680
Sardegna,1454,0
Campania,4980,0
Sicilia,815,0
Provincia Autonoma Trento,492,0
Molise,1018,933
Provincia Autonoma Trento,246,0
Umbria,1859,1006
Abruzzo,548,0
Valle d'Aosta / Vallée d'Aoste,260,93
Lazio,13489,9379
Toscana,620,0
Sicilia,13120,3768
Abruzzo,1611,0
Basilicata,916,0
Sicilia,12450,3843
Toscana,17867,12129
Sicilia,8949,3996
Marche,6986,2656
Emilia-Romagna,7257,0
Marche,1226,0
Sardegna,1408,0
Abruzzo,816,0
Basilicata,554,0
Abruzzo,3486,2849
Piemonte,4105,0
Lombardia,18713,10816
Lazio,18251,8170
Valle d'Aosta / Vallée d'Aoste,494,88
Friuli-Venezia Giulia,90,0
Umbria,269,0
Liguria,4985,3693
Campania,20850,5482
Liguria,4861,3336
Toscana,805,0
Liguria,2627,0
Provincia Autonoma Trento,1150,303
Lombardia,40316,22037
Emilia-Romagna,4149,267
Valle d'Aosta / Vallée d'Aoste,520,52
Campania,13918,4746
Sicilia,14567,4992
Sardegna,57,0
Abruzzo,1978,410
Basilicata,3238,2664
Marche,1176,0
Puglia,3990,1
Piemonte,13886,7600
Sicilia,808,0
Toscana,4835,0
Lombardia,28661,10771
Liguria,2313,0
Emilia-Romagna,4408,3554
Piemonte,13469,7934
Calabria,2180,0
Friuli-Venezia Giulia,3347,2861
Friuli-Venezia Giulia,3737,1735
Lazio,24918,9092
Calabria,1549,522
Lombardia,100,0
